sequence,length,first_aa,predicted_p_rf2,predicted_p_final_given_rf2,predicted_p_final,rf2_score,final_score,combined_score,soft_score,diversity_score,recommended_mutation,calibrated_p_rf2,calibrated_p_final_given_rf2,calibrated_p_final
GQYAFMV,7,G,0.645656,0.679179,0.438516,5.0,1.5,2.9,4.5,5.98,"长度7: Final阶段HR=1.928(风险), 考虑缩短到6",0.542636,0.005814,0.003155
GQAVSFH,7,G,0.645656,0.679179,0.438516,5.0,1.5,2.9,4.5,6.09,"长度7: Final阶段HR=1.928(风险), 考虑缩短到6",0.542636,0.005814,0.003155
GWNYYAA,7,G,0.645656,0.679179,0.438516,5.0,1.5,2.9,4.5,6.1,"长度7: Final阶段HR=1.928(风险), 考虑缩短到6",0.542636,0.005814,0.003155
GIMAWSY,7,G,0.645656,0.679179,0.438516,5.0,1.5,2.9,4.5,6.02,"长度7: Final阶段HR=1.928(风险), 考虑缩短到6",0.542636,0.005814,0.003155
GQFVAFT,7,G,0.645656,0.679179,0.438516,5.0,1.5,2.9,4.5,5.94,"长度7: Final阶段HR=1.928(风险), 考虑缩短到6",0.542636,0.005814,0.003155
GFLRWCW,7,G,0.645656,0.679179,0.438516,5.0,1.5,2.9,4.5,6.0,"长度7: Final阶段HR=1.928(风险), 考虑缩短到6",0.542636,0.005814,0.003155
GLVTWRF,7,G,0.645656,0.679179,0.438516,5.0,1.5,2.9,4.5,6.05,"长度7: Final阶段HR=1.928(风险), 考虑缩短到6",0.542636,0.005814,0.003155
GFYPICY,7,G,0.645656,0.679179,0.438516,5.0,1.5,2.9,4.5,6.11,"长度7: Final阶段HR=1.928(风险), 考虑缩短到6",0.542636,0.005814,0.003155
GATAWKT,7,G,0.645656,0.679179,0.438516,5.0,1.5,2.9,4.5,5.82,"长度7: Final阶段HR=1.928(风险), 考虑缩短到6",0.542636,0.005814,0.003155
GHHFALN,7,G,0.645656,0.679179,0.438516,5.0,1.5,2.9,4.5,6.12,"长度7: Final阶段HR=1.928(风险), 考虑缩短到6",0.542636,0.005814,0.003155
GWVMEIF,7,G,0.645656,0.679179,0.438516,5.0,1.5,2.9,4.5,6.12,"长度7: Final阶段HR=1.928(风险), 考虑缩短到6",0.542636,0.005814,0.003155
GINLPMY,7,G,0.645656,0.679179,0.438516,5.0,1.5,2.9,4.5,6.18,"长度7: Final阶段HR=1.928(风险), 考虑缩短到6",0.542636,0.005814,0.003155
GIRYAFY,7,G,0.645656,0.679179,0.438516,5.0,1.5,2.9,4.5,5.94,"长度7: Final阶段HR=1.928(风险), 考虑缩短到6",0.542636,0.005814,0.003155
GYMAVQF,7,G,0.645656,0.679179,0.438516,5.0,1.5,2.9,4.5,6.11,"长度7: Final阶段HR=1.928(风险), 考虑缩短到6",0.542636,0.005814,0.003155
GFDLHFH,7,G,0.645656,0.679179,0.438516,5.0,1.5,2.9,4.5,6.01,"长度7: Final阶段HR=1.928(风险), 考虑缩短到6",0.542636,0.005814,0.003155
GDIPYVT,7,G,0.645656,0.679179,0.438516,5.0,1.5,2.9,4.5,6.0,"长度7: Final阶段HR=1.928(风险), 考虑缩短到6",0.542636,0.005814,0.003155
GNILWFY,7,G,0.645656,0.679179,0.438516,5.0,1.5,2.9,4.5,5.9,"长度7: Final阶段HR=1.928(风险), 考虑缩短到6",0.542636,0.005814,0.003155
GHEALWD,7,G,0.645656,0.679179,0.438516,5.0,1.5,2.9,4.5,6.1,"长度7: Final阶段HR=1.928(风险), 考虑缩短到6",0.542636,0.005814,0.003155
GFTSNWW,7,G,0.645656,0.679179,0.438516,5.0,1.5,2.9,4.5,6.2,"长度7: Final阶段HR=1.928(风险), 考虑缩短到6",0.542636,0.005814,0.003155
GAKYFAD,7,G,0.645656,0.679179,0.438516,5.0,1.5,2.9,4.5,5.87,"长度7: Final阶段HR=1.928(风险), 考虑缩短到6",0.542636,0.005814,0.003155
GLMDFTW,7,G,0.645656,0.679179,0.438516,5.0,1.5,2.9,4.5,5.95,"长度7: Final阶段HR=1.928(风险), 考虑缩短到6",0.542636,0.005814,0.003155
GKDSAWF,7,G,0.645656,0.679179,0.438516,5.0,1.5,2.9,4.5,6.09,"长度7: Final阶段HR=1.928(风险), 考虑缩短到6",0.542636,0.005814,0.003155
GWCNWLN,7,G,0.645656,0.679179,0.438516,5.0,1.5,2.9,4.5,6.07,"长度7: Final阶段HR=1.928(风险), 考虑缩短到6",0.542636,0.005814,0.003155
GVLMYIN,7,G,0.645656,0.679179,0.438516,5.0,1.5,2.9,4.5,5.99,"长度7: Final阶段HR=1.928(风险), 考虑缩短到6",0.542636,0.005814,0.003155
GLWFICY,7,G,0.645656,0.679179,0.438516,5.0,1.5,2.9,4.5,5.99,"长度7: Final阶段HR=1.928(风险), 考虑缩短到6",0.542636,0.005814,0.003155
GFRPFDT,7,G,0.645656,0.679179,0.438516,5.0,1.5,2.9,4.5,6.05,"长度7: Final阶段HR=1.928(风险), 考虑缩短到6",0.542636,0.005814,0.003155
GFWMFNN,7,G,0.645656,0.679179,0.438516,5.0,1.5,2.9,4.5,6.0,"长度7: Final阶段HR=1.928(风险), 考虑缩短到6",0.542636,0.005814,0.003155
GIFRIDT,7,G,0.645656,0.679179,0.438516,5.0,1.5,2.9,4.5,6.12,"长度7: Final阶段HR=1.928(风险), 考虑缩短到6",0.542636,0.005814,0.003155
GYWFYFS,7,G,0.645656,0.679179,0.438516,5.0,1.5,2.9,4.5,5.83,"长度7: Final阶段HR=1.928(风险), 考虑缩短到6",0.542636,0.005814,0.003155
GAYLAFA,7,G,0.645656,0.679179,0.438516,5.0,1.5,2.9,4.5,5.77,"长度7: Final阶段HR=1.928(风险), 考虑缩短到6",0.542636,0.005814,0.003155
GWALRNW,7,G,0.645656,0.679179,0.438516,5.0,1.5,2.9,4.5,6.01,"长度7: Final阶段HR=1.928(风险), 考虑缩短到6",0.542636,0.005814,0.003155
GTMLAWY,7,G,0.645656,0.679179,0.438516,5.0,1.5,2.9,4.5,5.84,"长度7: Final阶段HR=1.928(风险), 考虑缩短到6",0.542636,0.005814,0.003155
GQYMMIV,7,G,0.645656,0.679179,0.438516,5.0,1.5,2.9,4.5,6.18,"长度7: Final阶段HR=1.928(风险), 考虑缩短到6",0.542636,0.005814,0.003155
GTEWDPA,7,G,0.645656,0.679179,0.438516,5.0,1.5,2.9,4.5,6.06,"长度7: Final阶段HR=1.928(风险), 考虑缩短到6",0.542636,0.005814,0.003155
GHLFWQW,7,G,0.645656,0.679179,0.438516,5.0,1.5,2.9,4.5,5.9,"长度7: Final阶段HR=1.928(风险), 考虑缩短到6",0.542636,0.005814,0.003155
GFLYEIN,7,G,0.645656,0.679179,0.438516,5.0,1.5,2.9,4.5,6.12,"长度7: Final阶段HR=1.928(风险), 考虑缩短到6",0.542636,0.005814,0.003155
GYLHWQW,7,G,0.645656,0.679179,0.438516,5.0,1.5,2.9,4.5,5.99,"长度7: Final阶段HR=1.928(风险), 考虑缩短到6",0.542636,0.005814,0.003155
GAREWVS,7,G,0.645656,0.679179,0.438516,5.0,1.5,2.9,4.5,6.02,"长度7: Final阶段HR=1.928(风险), 考虑缩短到6",0.542636,0.005814,0.003155
GNWFDFS,7,G,0.645656,0.679179,0.438516,5.0,1.5,2.9,4.5,5.97,"长度7: Final阶段HR=1.928(风险), 考虑缩短到6",0.542636,0.005814,0.003155
GWRYWMF,7,G,0.645656,0.679179,0.438516,5.0,1.5,2.9,4.5,5.9,"长度7: Final阶段HR=1.928(风险), 考虑缩短到6",0.542636,0.005814,0.003155
GYYACTD,7,G,0.645656,0.679179,0.438516,5.0,1.5,2.9,3.5,6.13,"长度7: Final阶段HR=1.928(风险), 考虑缩短到6",0.542636,0.005814,0.003155
GVVIDMA,7,G,0.645656,0.679179,0.438516,5.0,1.5,2.9,3.5,6.13,"长度7: Final阶段HR=1.928(风险), 考虑缩短到6",0.542636,0.005814,0.003155
GHWNKTS,7,G,0.645656,0.679179,0.438516,5.0,1.5,2.9,3.5,6.21,"长度7: Final阶段HR=1.928(风险), 考虑缩短到6",0.542636,0.005814,0.003155
GRQFYNH,7,G,0.645656,0.679179,0.438516,5.0,1.5,2.9,3.5,5.99,"长度7: Final阶段HR=1.928(风险), 考虑缩短到6",0.542636,0.005814,0.003155
GWCERSF,7,G,0.645656,0.679179,0.438516,5.0,1.5,2.9,3.5,6.17,"长度7: Final阶段HR=1.928(风险), 考虑缩短到6",0.542636,0.005814,0.003155
GDTFQMN,7,G,0.645656,0.679179,0.438516,5.0,1.5,2.9,3.5,5.97,"长度7: Final阶段HR=1.928(风险), 考虑缩短到6",0.542636,0.005814,0.003155
GTYWQND,7,G,0.645656,0.679179,0.438516,5.0,1.5,2.9,3.5,5.95,"长度7: Final阶段HR=1.928(风险), 考虑缩短到6",0.542636,0.005814,0.003155
GYQWWKY,7,G,0.645656,0.679179,0.438516,5.0,1.5,2.9,3.5,6.05,"长度7: Final阶段HR=1.928(风险), 考虑缩短到6",0.542636,0.005814,0.003155
GHMNFSH,7,G,0.645656,0.679179,0.438516,5.0,1.5,2.9,3.5,6.13,"长度7: Final阶段HR=1.928(风险), 考虑缩短到6",0.542636,0.005814,0.003155
GFNQMDD,7,G,0.645656,0.679179,0.438516,5.0,1.5,2.9,3.5,6.21,"长度7: Final阶段HR=1.928(风险), 考虑缩短到6",0.542636,0.005814,0.003155
GYHTICH,7,G,0.645656,0.679179,0.438516,5.0,1.5,2.9,3.5,6.2,"长度7: Final阶段HR=1.928(风险), 考虑缩短到6",0.542636,0.005814,0.003155
GRRDWDV,7,G,0.645656,0.679179,0.438516,5.0,1.5,2.9,3.5,6.14,"长度7: Final阶段HR=1.928(风险), 考虑缩短到6",0.542636,0.005814,0.003155
GNFHTNS,7,G,0.645656,0.679179,0.438516,5.0,1.5,2.9,3.5,6.22,"长度7: Final阶段HR=1.928(风险), 考虑缩短到6",0.542636,0.005814,0.003155
GYYVCNW,7,G,0.645656,0.679179,0.438516,5.0,1.5,2.9,3.5,6.14,"长度7: Final阶段HR=1.928(风险), 考虑缩短到6",0.542636,0.005814,0.003155
GEVQIRY,7,G,0.645656,0.679179,0.438516,5.0,1.5,2.9,3.5,6.22,"长度7: Final阶段HR=1.928(风险), 考虑缩短到6",0.542636,0.005814,0.003155
GYATTYN,7,G,0.645656,0.679179,0.438516,5.0,1.5,2.9,3.5,6.12,"长度7: Final阶段HR=1.928(风险), 考虑缩短到6",0.542636,0.005814,0.003155
GKCDAYN,7,G,0.645656,0.679179,0.438516,5.0,1.5,2.9,3.5,6.13,"长度7: Final阶段HR=1.928(风险), 考虑缩短到6",0.542636,0.005814,0.003155
GLAHSTA,7,G,0.645656,0.679179,0.438516,5.0,1.5,2.9,3.5,6.17,"长度7: Final阶段HR=1.928(风险), 考虑缩短到6",0.542636,0.005814,0.003155
GLCPHMA,7,G,0.645656,0.679179,0.438516,5.0,1.5,2.9,3.5,6.19,"长度7: Final阶段HR=1.928(风险), 考虑缩短到6",0.542636,0.005814,0.003155
GTCQQIV,7,G,0.645656,0.679179,0.438516,5.0,1.5,2.9,2.5,6.17,"长度7: Final阶段HR=1.928(风险), 考虑缩短到6",0.542636,0.005814,0.003155
GINSQCT,7,G,0.645656,0.679179,0.438516,5.0,1.5,2.9,2.5,6.3,"长度7: Final阶段HR=1.928(风险), 考虑缩短到6",0.542636,0.005814,0.003155
GMLKHKS,7,G,0.645656,0.679179,0.438516,5.0,1.5,2.9,2.5,6.35,"长度7: Final阶段HR=1.928(风险), 考虑缩短到6",0.542636,0.005814,0.003155
GSMHQET,7,G,0.645656,0.679179,0.438516,5.0,1.5,2.9,2.5,6.28,"长度7: Final阶段HR=1.928(风险), 考虑缩短到6",0.542636,0.005814,0.003155
AMNIYH,6,A,0.610639,0.622459,0.380098,4.5,1.0,2.4,4.5,5.63,序列符合漏斗感知约束,0.542636,0.009002,0.004885
ADMMFV,6,A,0.610639,0.622459,0.380098,4.5,1.0,2.4,4.5,5.6,序列符合漏斗感知约束,0.542636,0.009002,0.004885
VNNWRF,6,V,0.610639,0.622459,0.380098,4.5,1.0,2.4,4.5,5.68,序列符合漏斗感知约束,0.542636,0.009002,0.004885
DVNPYD,6,D,0.610639,0.622459,0.380098,4.5,1.0,2.4,4.5,5.74,序列符合漏斗感知约束,0.542636,0.009002,0.004885
VFATFD,6,V,0.610639,0.622459,0.380098,4.5,1.0,2.4,4.5,5.62,序列符合漏斗感知约束,0.542636,0.009002,0.004885
AMAYMH,6,A,0.610639,0.622459,0.380098,4.5,1.0,2.4,4.5,5.6,序列符合漏斗感知约束,0.542636,0.009002,0.004885
VWPDLW,6,V,0.610639,0.622459,0.380098,4.5,1.0,2.4,4.5,5.67,序列符合漏斗感知约束,0.542636,0.009002,0.004885
DRTWLT,6,D,0.610639,0.622459,0.380098,4.5,1.0,2.4,4.5,5.68,序列符合漏斗感知约束,0.542636,0.009002,0.004885
VHCIWA,6,V,0.610639,0.622459,0.380098,4.5,1.0,2.4,4.5,5.62,序列符合漏斗感知约束,0.542636,0.009002,0.004885
TLAFYD,6,T,0.610639,0.622459,0.380098,4.5,1.0,2.4,4.5,5.49,序列符合漏斗感知约束,0.542636,0.009002,0.004885
VIFRAA,6,V,0.610639,0.622459,0.380098,4.5,1.0,2.4,4.5,5.66,序列符合漏斗感知约束,0.542636,0.009002,0.004885
DHMKFT,6,D,0.610639,0.622459,0.380098,4.5,1.0,2.4,4.5,5.63,序列符合漏斗感知约束,0.542636,0.009002,0.004885
ADNFKA,6,A,0.610639,0.622459,0.380098,4.5,1.0,2.4,4.5,5.59,序列符合漏斗感知约束,0.542636,0.009002,0.004885
AQWLAT,6,A,0.610639,0.622459,0.380098,4.5,1.0,2.4,4.5,5.57,序列符合漏斗感知约束,0.542636,0.009002,0.004885
DCVWQF,6,D,0.610639,0.622459,0.380098,4.5,1.0,2.4,4.5,5.62,序列符合漏斗感知约束,0.542636,0.009002,0.004885
AFYLTV,6,A,0.610639,0.622459,0.380098,4.5,1.0,2.4,4.5,5.57,序列符合漏斗感知约束,0.542636,0.009002,0.004885
AKPKWN,6,A,0.610639,0.622459,0.380098,4.5,1.0,2.4,4.5,5.7,序列符合漏斗感知约束,0.542636,0.009002,0.004885
DYLYCF,6,D,0.610639,0.622459,0.380098,4.5,1.0,2.4,4.5,5.58,序列符合漏斗感知约束,0.542636,0.009002,0.004885
ALWRYW,6,A,0.610639,0.622459,0.380098,4.5,1.0,2.4,4.5,5.48,序列符合漏斗感知约束,0.542636,0.009002,0.004885
TWLVKA,6,T,0.610639,0.622459,0.380098,4.5,1.0,2.4,4.5,5.69,序列符合漏斗感知约束,0.542636,0.009002,0.004885
TECKAF,6,T,0.610639,0.622459,0.380098,4.5,1.0,2.4,4.5,5.75,序列符合漏斗感知约束,0.542636,0.009002,0.004885
AQHWIY,6,A,0.610639,0.622459,0.380098,4.5,1.0,2.4,4.5,5.53,序列符合漏斗感知约束,0.542636,0.009002,0.004885
ALDFQW,6,A,0.610639,0.622459,0.380098,4.5,1.0,2.4,4.5,5.51,序列符合漏斗感知约束,0.542636,0.009002,0.004885
TLFMKY,6,T,0.610639,0.622459,0.380098,4.5,1.0,2.4,4.5,5.63,序列符合漏斗感知约束,0.542636,0.009002,0.004885
TYAMNT,6,T,0.610639,0.622459,0.380098,4.5,1.0,2.4,4.5,5.6,序列符合漏斗感知约束,0.542636,0.009002,0.004885
THEAPY,6,T,0.610639,0.622459,0.380098,4.5,1.0,2.4,4.5,5.78,序列符合漏斗感知约束,0.542636,0.009002,0.004885
ADWKAT,6,A,0.610639,0.622459,0.380098,4.5,1.0,2.4,4.5,5.63,序列符合漏斗感知约束,0.542636,0.009002,0.004885
DWPDTN,6,D,0.610639,0.622459,0.380098,4.5,1.0,2.4,4.5,5.73,序列符合漏斗感知约束,0.542636,0.009002,0.004885
DMLFFA,6,D,0.610639,0.622459,0.380098,4.5,1.0,2.4,4.5,5.53,序列符合漏斗感知约束,0.542636,0.009002,0.004885
ACPNDY,6,A,0.610639,0.622459,0.380098,4.5,1.0,2.4,4.5,5.71,序列符合漏斗感知约束,0.542636,0.009002,0.004885
DQLDWH,6,D,0.610639,0.622459,0.380098,4.5,1.0,2.4,4.5,5.58,序列符合漏斗感知约束,0.542636,0.009002,0.004885
TIFKTH,6,T,0.610639,0.622459,0.380098,4.5,1.0,2.4,4.5,5.72,序列符合漏斗感知约束,0.542636,0.009002,0.004885
VTLMYA,6,V,0.610639,0.622459,0.380098,4.5,1.0,2.4,4.5,5.56,序列符合漏斗感知约束,0.542636,0.009002,0.004885
DVYIMF,6,D,0.610639,0.622459,0.380098,4.5,1.0,2.4,4.5,5.59,序列符合漏斗感知约束,0.542636,0.009002,0.004885
VMHFYH,6,V,0.610639,0.622459,0.380098,4.5,1.0,2.4,4.5,5.58,序列符合漏斗感知约束,0.542636,0.009002,0.004885
VQHWIV,6,V,0.610639,0.622459,0.380098,4.5,1.0,2.4,4.5,5.68,序列符合漏斗感知约束,0.542636,0.009002,0.004885
ARAFCH,6,A,0.610639,0.622459,0.380098,4.5,1.0,2.4,4.5,5.6,序列符合漏斗感知约束,0.542636,0.009002,0.004885
AAPRAW,6,A,0.610639,0.622459,0.380098,4.5,1.0,2.4,4.5,5.65,序列符合漏斗感知约束,0.542636,0.009002,0.004885
TIYWFV,6,T,0.610639,0.622459,0.380098,4.5,1.0,2.4,4.5,5.57,序列符合漏斗感知约束,0.542636,0.009002,0.004885
AWFLYA,6,A,0.610639,0.622459,0.380098,4.5,1.0,2.4,4.5,5.47,序列符合漏斗感知约束,0.542636,0.009002,0.004885
ATNFMY,6,A,0.610639,0.622459,0.380098,4.5,1.0,2.4,4.5,5.5,序列符合漏斗感知约束,0.542636,0.009002,0.004885
TWQMIT,6,T,0.610639,0.622459,0.380098,4.5,1.0,2.4,4.5,5.66,序列符合漏斗感知约束,0.542636,0.009002,0.004885
VYRILY,6,V,0.610639,0.622459,0.380098,4.5,1.0,2.4,4.5,5.71,序列符合漏斗感知约束,0.542636,0.009002,0.004885
DTFNEA,6,D,0.610639,0.622459,0.380098,4.5,1.0,2.4,4.5,5.7,序列符合漏斗感知约束,0.542636,0.009002,0.004885
VWWERT,6,V,0.610639,0.622459,0.380098,4.5,1.0,2.4,4.5,5.72,序列符合漏斗感知约束,0.542636,0.009002,0.004885
VIHLHF,6,V,0.610639,0.622459,0.380098,4.5,1.0,2.4,4.5,5.68,序列符合漏斗感知约束,0.542636,0.009002,0.004885
THVPFD,6,T,0.610639,0.622459,0.380098,4.5,1.0,2.4,4.5,5.75,序列符合漏斗感知约束,0.542636,0.009002,0.004885
TFAIQH,6,T,0.610639,0.622459,0.380098,4.5,1.0,2.4,4.5,5.72,序列符合漏斗感知约束,0.542636,0.009002,0.004885
TIWYEY,6,T,0.610639,0.622459,0.380098,4.5,1.0,2.4,4.5,5.71,序列符合漏斗感知约束,0.542636,0.009002,0.004885
VTFDFT,6,V,0.610639,0.622459,0.380098,4.5,1.0,2.4,4.5,5.51,序列符合漏斗感知约束,0.542636,0.009002,0.004885
TFRQIA,6,T,0.610639,0.622459,0.380098,4.5,1.0,2.4,4.5,5.71,序列符合漏斗感知约束,0.542636,0.009002,0.004885
TDLQWF,6,T,0.610639,0.622459,0.380098,4.5,1.0,2.4,4.5,5.53,序列符合漏斗感知约束,0.542636,0.009002,0.004885
ALVCPW,6,A,0.610639,0.622459,0.380098,4.5,1.0,2.4,4.5,5.66,序列符合漏斗感知约束,0.542636,0.009002,0.004885
DYLVAY,6,D,0.610639,0.622459,0.380098,4.5,1.0,2.4,4.5,5.64,序列符合漏斗感知约束,0.542636,0.009002,0.004885
VFFYVV,6,V,0.610639,0.622459,0.380098,4.5,1.0,2.4,4.5,5.69,序列符合漏斗感知约束,0.542636,0.009002,0.004885
DFDDKW,6,D,0.610639,0.622459,0.380098,4.5,1.0,2.4,4.5,5.71,序列符合漏斗感知约束,0.542636,0.009002,0.004885
VIWNCH,6,V,0.610639,0.622459,0.380098,4.5,1.0,2.4,4.5,5.76,序列符合漏斗感知约束,0.542636,0.009002,0.004885
VCTWYT,6,V,0.610639,0.622459,0.380098,4.5,1.0,2.4,4.5,5.58,序列符合漏斗感知约束,0.542636,0.009002,0.004885
VPTAFH,6,V,0.610639,0.622459,0.380098,4.5,1.0,2.4,4.5,5.71,序列符合漏斗感知约束,0.542636,0.009002,0.004885
TYFRNW,6,T,0.610639,0.622459,0.380098,4.5,1.0,2.4,4.5,5.6,序列符合漏斗感知约束,0.542636,0.009002,0.004885
VEVWWH,6,V,0.610639,0.622459,0.380098,4.5,1.0,2.4,4.5,5.71,序列符合漏斗感知约束,0.542636,0.009002,0.004885
DWCDWA,6,D,0.610639,0.622459,0.380098,4.5,1.0,2.4,4.5,5.55,序列符合漏斗感知约束,0.542636,0.009002,0.004885
VLCHYF,6,V,0.610639,0.622459,0.380098,4.5,1.0,2.4,4.5,5.63,序列符合漏斗感知约束,0.542636,0.009002,0.004885
DWCDFT,6,D,0.610639,0.622459,0.380098,4.5,1.0,2.4,4.5,5.57,序列符合漏斗感知约束,0.542636,0.009002,0.004885
ACMAWD,6,A,0.610639,0.622459,0.380098,4.5,1.0,2.4,4.5,5.53,序列符合漏斗感知约束,0.542636,0.009002,0.004885
TCMQMF,6,T,0.610639,0.622459,0.380098,4.5,1.0,2.4,4.5,5.66,序列符合漏斗感知约束,0.542636,0.009002,0.004885
TFKLHA,6,T,0.610639,0.622459,0.380098,4.5,1.0,2.4,4.5,5.74,序列符合漏斗感知约束,0.542636,0.009002,0.004885
DNDFVV,6,D,0.610639,0.622459,0.380098,4.5,1.0,2.4,4.5,5.75,序列符合漏斗感知约束,0.542636,0.009002,0.004885
ADCDCF,6,A,0.610639,0.622459,0.380098,4.5,1.0,2.4,4.5,5.64,序列符合漏斗感知约束,0.542636,0.009002,0.004885
TVRLVW,6,T,0.610639,0.622459,0.380098,4.5,1.0,2.4,4.5,5.75,序列符合漏斗感知约束,0.542636,0.009002,0.004885
VHDAPY,6,V,0.610639,0.622459,0.380098,4.5,1.0,2.4,4.5,5.75,序列符合漏斗感知约束,0.542636,0.009002,0.004885
AQWTKV,6,A,0.610639,0.622459,0.380098,4.5,1.0,2.4,4.5,5.72,序列符合漏斗感知约束,0.542636,0.009002,0.004885
DMWQMA,6,D,0.610639,0.622459,0.380098,4.5,1.0,2.4,4.5,5.66,序列符合漏斗感知约束,0.542636,0.009002,0.004885
AIYMFY,6,A,0.610639,0.622459,0.380098,4.5,1.0,2.4,4.5,5.45,序列符合漏斗感知约束,0.542636,0.009002,0.004885
AMYFCT,6,A,0.610639,0.622459,0.380098,4.5,1.0,2.4,4.5,5.48,序列符合漏斗感知约束,0.542636,0.009002,0.004885
DMAMHY,6,D,0.610639,0.622459,0.380098,4.5,1.0,2.4,4.5,5.65,序列符合漏斗感知约束,0.542636,0.009002,0.004885
VHQMYW,6,V,0.610639,0.622459,0.380098,4.5,1.0,2.4,4.5,5.6,序列符合漏斗感知约束,0.542636,0.009002,0.004885
TLFVWW,6,T,0.610639,0.622459,0.380098,4.5,1.0,2.4,4.5,5.58,序列符合漏斗感知约束,0.542636,0.009002,0.004885
DKLIWY,6,D,0.610639,0.622459,0.380098,4.5,1.0,2.4,4.5,5.62,序列符合漏斗感知约束,0.542636,0.009002,0.004885
TWNWPA,6,T,0.610639,0.622459,0.380098,4.5,1.0,2.4,4.5,5.65,序列符合漏斗感知约束,0.542636,0.009002,0.004885
VAMEWV,6,V,0.610639,0.622459,0.380098,4.5,1.0,2.4,4.5,5.58,序列符合漏斗感知约束,0.542636,0.009002,0.004885
TAFQCW,6,T,0.610639,0.622459,0.380098,4.5,1.0,2.4,4.5,5.59,序列符合漏斗感知约束,0.542636,0.009002,0.004885
AVIDYN,6,A,0.610639,0.622459,0.380098,4.5,1.0,2.4,4.5,5.62,序列符合漏斗感知约束,0.542636,0.009002,0.004885
DKVFRF,6,D,0.610639,0.622459,0.380098,4.5,1.0,2.4,4.5,5.67,序列符合漏斗感知约束,0.542636,0.009002,0.004885
VCLFYH,6,V,0.610639,0.622459,0.380098,4.5,1.0,2.4,4.5,5.56,序列符合漏斗感知约束,0.542636,0.009002,0.004885
VDEFHD,6,V,0.610639,0.622459,0.380098,4.5,1.0,2.4,4.5,5.7,序列符合漏斗感知约束,0.542636,0.009002,0.004885
AYEPMV,6,A,0.610639,0.622459,0.380098,4.5,1.0,2.4,4.5,5.71,序列符合漏斗感知约束,0.542636,0.009002,0.004885
AFHEYW,6,A,0.610639,0.622459,0.380098,4.5,1.0,2.4,4.5,5.53,序列符合漏斗感知约束,0.542636,0.009002,0.004885
AMEWPD,6,A,0.610639,0.622459,0.380098,4.5,1.0,2.4,4.5,5.63,序列符合漏斗感知约束,0.542636,0.009002,0.004885
AHYWDF,6,A,0.610639,0.622459,0.380098,4.5,1.0,2.4,4.5,5.45,序列符合漏斗感知约束,0.542636,0.009002,0.004885
AAYKFN,6,A,0.610639,0.622459,0.380098,4.5,1.0,2.4,4.5,5.59,序列符合漏斗感知约束,0.542636,0.009002,0.004885
TWQEFN,6,T,0.610639,0.622459,0.380098,4.5,1.0,2.4,4.5,5.62,序列符合漏斗感知约束,0.542636,0.009002,0.004885
DYMLMY,6,D,0.610639,0.622459,0.380098,4.5,1.0,2.4,4.5,5.62,序列符合漏斗感知约束,0.542636,0.009002,0.004885
VQILNW,6,V,0.610639,0.622459,0.380098,4.5,1.0,2.4,4.5,5.69,序列符合漏斗感知约束,0.542636,0.009002,0.004885
DQWAEA,6,D,0.610639,0.622459,0.380098,4.5,1.0,2.4,4.5,5.71,序列符合漏斗感知约束,0.542636,0.009002,0.004885
ANWWLY,6,A,0.610639,0.622459,0.380098,4.5,1.0,2.4,4.5,5.59,序列符合漏斗感知约束,0.542636,0.009002,0.004885
DVTYAV,6,D,0.610639,0.622459,0.380098,4.5,1.0,2.4,4.5,5.74,序列符合漏斗感知约束,0.542636,0.009002,0.004885
DPHMMW,6,D,0.610639,0.622459,0.380098,4.5,1.0,2.4,4.5,5.72,序列符合漏斗感知约束,0.542636,0.009002,0.004885
DIYMHT,6,D,0.610639,0.622459,0.380098,4.5,1.0,2.4,4.5,5.6,序列符合漏斗感知约束,0.542636,0.009002,0.004885
VAQMWN,6,V,0.610639,0.622459,0.380098,4.5,1.0,2.4,4.5,5.56,序列符合漏斗感知约束,0.542636,0.009002,0.004885
DAYYDW,6,D,0.610639,0.622459,0.380098,4.5,1.0,2.4,4.5,5.58,序列符合漏斗感知约束,0.542636,0.009002,0.004885
DYYRLA,6,D,0.610639,0.622459,0.380098,4.5,1.0,2.4,4.5,5.69,序列符合漏斗感知约束,0.542636,0.009002,0.004885
VRDYWH,6,V,0.610639,0.622459,0.380098,4.5,1.0,2.4,4.5,5.63,序列符合漏斗感知约束,0.542636,0.009002,0.004885
DWHRVA,6,D,0.610639,0.622459,0.380098,4.5,1.0,2.4,4.5,5.69,序列符合漏斗感知约束,0.542636,0.009002,0.004885
AFQQLF,6,A,0.610639,0.622459,0.380098,4.5,1.0,2.4,4.5,5.61,序列符合漏斗感知约束,0.542636,0.009002,0.004885
DLEWWH,6,D,0.610639,0.622459,0.380098,4.5,1.0,2.4,4.5,5.61,序列符合漏斗感知约束,0.542636,0.009002,0.004885
TWQVRY,6,T,0.610639,0.622459,0.380098,4.5,1.0,2.4,4.5,5.74,序列符合漏斗感知约束,0.542636,0.009002,0.004885
AEYFFT,6,A,0.610639,0.622459,0.380098,4.5,1.0,2.4,4.5,5.48,序列符合漏斗感知约束,0.542636,0.009002,0.004885
DAIENW,6,D,0.610639,0.622459,0.380098,4.5,1.0,2.4,4.5,5.71,序列符合漏斗感知约束,0.542636,0.009002,0.004885
AMFQQT,6,A,0.610639,0.622459,0.380098,4.5,1.0,2.4,4.5,5.61,序列符合漏斗感知约束,0.542636,0.009002,0.004885
AFAWHF,6,A,0.610639,0.622459,0.380098,4.5,1.0,2.4,4.5,5.43,序列符合漏斗感知约束,0.542636,0.009002,0.004885
AQHFND,6,A,0.610639,0.622459,0.380098,4.5,1.0,2.4,4.5,5.58,序列符合漏斗感知约束,0.542636,0.009002,0.004885
VQMTWV,6,V,0.610639,0.622459,0.380098,4.5,1.0,2.4,4.5,5.63,序列符合漏斗感知约束,0.542636,0.009002,0.004885
AWFWPA,6,A,0.610639,0.622459,0.380098,4.5,1.0,2.4,4.5,5.48,序列符合漏斗感知约束,0.542636,0.009002,0.004885
VWIPDD,6,V,0.610639,0.622459,0.380098,4.5,1.0,2.4,4.5,5.81,序列符合漏斗感知约束,0.542636,0.009002,0.004885
TQHFWW,6,T,0.610639,0.622459,0.380098,4.5,1.0,2.4,4.5,5.55,序列符合漏斗感知约束,0.542636,0.009002,0.004885
ATWMKF,6,A,0.610639,0.622459,0.380098,4.5,1.0,2.4,4.5,5.52,序列符合漏斗感知约束,0.542636,0.009002,0.004885
VLFFNF,6,V,0.610639,0.622459,0.380098,4.5,1.0,2.4,4.5,5.54,序列符合漏斗感知约束,0.542636,0.009002,0.004885
ATCRYF,6,A,0.610639,0.622459,0.380098,4.5,1.0,2.4,4.5,5.54,序列符合漏斗感知约束,0.542636,0.009002,0.004885
DQMMHW,6,D,0.610639,0.622459,0.380098,4.5,1.0,2.4,4.5,5.7,序列符合漏斗感知约束,0.542636,0.009002,0.004885
VCQYLD,6,V,0.610639,0.622459,0.380098,4.5,1.0,2.4,4.5,5.73,序列符合漏斗感知约束,0.542636,0.009002,0.004885
TELTQW,6,T,0.610639,0.622459,0.380098,4.5,1.0,2.4,4.5,5.77,序列符合漏斗感知约束,0.542636,0.009002,0.004885
DAFDDH,6,D,0.610639,0.622459,0.380098,4.5,1.0,2.4,4.5,5.61,序列符合漏斗感知约束,0.542636,0.009002,0.004885
VCAEWV,6,V,0.610639,0.622459,0.380098,4.5,1.0,2.4,4.5,5.67,序列符合漏斗感知约束,0.542636,0.009002,0.004885
TDDFAT,6,T,0.610639,0.622459,0.380098,4.5,1.0,2.4,4.5,5.64,序列符合漏斗感知约束,0.542636,0.009002,0.004885
AYFRYW,6,A,0.610639,0.622459,0.380098,4.5,1.0,2.4,4.5,5.45,序列符合漏斗感知约束,0.542636,0.009002,0.004885
TKFYIF,6,T,0.610639,0.622459,0.380098,4.5,1.0,2.4,4.5,5.6,序列符合漏斗感知约束,0.542636,0.009002,0.004885
VCCCLF,6,V,0.610639,0.622459,0.380098,4.5,1.0,2.4,4.5,5.8,序列符合漏斗感知约束,0.542636,0.009002,0.004885
AFTNRT,6,A,0.610639,0.622459,0.380098,4.5,1.0,2.4,4.5,5.66,序列符合漏斗感知约束,0.542636,0.009002,0.004885
DFAWHA,6,D,0.610639,0.622459,0.380098,4.5,1.0,2.4,4.5,5.52,序列符合漏斗感知约束,0.542636,0.009002,0.004885
VWPYQY,6,V,0.610639,0.622459,0.380098,4.5,1.0,2.4,4.5,5.66,序列符合漏斗感知约束,0.542636,0.009002,0.004885
AYYIWA,6,A,0.610639,0.622459,0.380098,4.5,1.0,2.4,4.5,5.5,序列符合漏斗感知约束,0.542636,0.009002,0.004885
ANYMCF,6,A,0.610639,0.622459,0.380098,4.5,1.0,2.4,4.5,5.55,序列符合漏斗感知约束,0.542636,0.009002,0.004885
AHYHRF,6,A,0.610639,0.622459,0.380098,4.5,1.0,2.4,4.5,5.62,序列符合漏斗感知约束,0.542636,0.009002,0.004885
DAEFWT,6,D,0.610639,0.622459,0.380098,4.5,1.0,2.4,4.5,5.47,序列符合漏斗感知约束,0.542636,0.009002,0.004885
AVCFYH,6,A,0.610639,0.622459,0.380098,4.5,1.0,2.4,4.5,5.49,序列符合漏斗感知约束,0.542636,0.009002,0.004885
ALETFT,6,A,0.610639,0.622459,0.380098,4.5,1.0,2.4,4.5,5.58,序列符合漏斗感知约束,0.542636,0.009002,0.004885
